{"scaler_X": {"mean": [0.694047570000018, 0.35224026750001547, 0.34888154125000126, 0.5079179350000258, 0.5079027824999857, 5002.904785, 4994.7958475, 4997.719185, 0.500091388415391, 0.5001392247248818, 0.5003431550102938], "scale": [0.13015805464740696, 0.1371793987868275, 0.12323056307694161, 0.2167575315712452, 0.2167972769287774, 2887.5552788067444, 2887.0587245203787, 2884.9578344545084, 0.28881684652764456, 0.2888076234516794, 0.288283153470775]}, "scaler_y": {"mean": [-4158.720960290513], "scale": [2803.0407600943254]}}